column,dtype,non_null,missing,n_unique
dep_name,category,560486,0,3
esi,category,558029,2457,5
age,object,560475,11,91
gender,category,560486,0,2
ethnicity,category,560486,0,4
race,category,560460,26,8
lang,category,560486,0,2
religion,category,560486,0,13
maritalstatus,category,560486,0,10
employstatus,category,560486,0,10
insurance_status,category,560486,0,5
disposition,category,560486,0,2
arrivalmode,category,538602,21884,7
arrivalmonth,category,560486,0,12
arrivalday,category,560486,0,7
arrivalhour_bin,category,560486,0,6
previousdispo,category,560486,0,10
2ndarymalig,float64,560486,0,2
abdomhernia,float64,560486,0,2
abdomnlpain,float64,560486,0,2
abortcompl,float64,560486,0,2
acqfootdef,float64,560486,0,2
acrenlfail,float64,560486,0,2
acutecvd,float64,560486,0,2
acutemi,float64,560486,0,2
acutphanm,float64,560486,0,2
adjustmentdisorders,float64,560486,0,2
adltrespfl,float64,560486,0,2
alcoholrelateddisorders,float64,560486,0,2
allergy,float64,560486,0,2
amniosdx,float64,560486,0,2
analrectal,float64,560486,0,2
anemia,float64,560486,0,2
aneurysm,float64,560486,0,2
anxietydisorders,float64,560486,0,2
appendicitis,float64,560486,0,2
artembolism,float64,560486,0,2
asppneumon,float64,560486,0,2
asthma,float64,560486,0,2
attentiondeficitconductdisruptivebeha,float64,560486,0,2
backproblem,float64,560486,0,2
biliarydx,float64,560486,0,2
birthasphyx,float64,560486,0,2
birthtrauma,float64,560486,0,2
bladdercncr,float64,560486,0,2
blindness,float64,560486,0,2
bnignutneo,float64,560486,0,2
bonectcncr,float64,560486,0,2
bph,float64,560486,0,2
brainnscan,float64,560486,0,2
breastcancr,float64,560486,0,2
breastdx,float64,560486,0,2
brnchlngca,float64,560486,0,2
bronchitis,float64,560486,0,2
burns,float64,560486,0,2
cardiaarrst,float64,560486,0,2
cardiacanom,float64,560486,0,2
carditis,float64,560486,0,2
cataract,float64,560486,0,2
cervixcancr,float64,560486,0,2
chestpain,float64,560486,0,2
chfnonhp,float64,560486,0,2
chrkidneydisease,float64,560486,0,2
coaghemrdx,float64,560486,0,2
coloncancer,float64,560486,0,2
comabrndmg,float64,560486,0,2
complicdevi,float64,560486,0,2
complicproc,float64,560486,0,2
conduction,float64,560486,0,2
contraceptiv,float64,560486,0,2
copd,float64,560486,0,2
coronathero,float64,560486,0,2
crushinjury,float64,560486,0,2
cysticfibro,float64,560486,0,2
deliriumdementiaamnesticothercognitiv,float64,560486,0,2
developmentaldisorders,float64,560486,0,2
diabmelnoc,float64,560486,0,2
diabmelwcm,float64,560486,0,2
disordersusuallydiagnosedininfancych,float64,560486,0,2
diverticulos,float64,560486,0,2
dizziness,float64,560486,0,2
dminpreg,float64,560486,0,2
dysrhythmia,float64,560486,0,2
earlylabor,float64,560486,0,2
ecodesadverseeffectsofmedicalcare,float64,560486,0,2
ecodesadverseeffectsofmedicaldrugs,float64,560486,0,2
ecodescutpierce,float64,560486,0,2
ecodesdrowningsubmersion,float64,560486,0,2
ecodesfall,float64,560486,0,2
ecodesfirearm,float64,560486,0,2
ecodesfireburn,float64,560486,0,2
ecodesmachinery,float64,560486,0,1
ecodesmotorvehicletrafficmvt,float64,560486,0,2
ecodesnaturalenvironment,float64,560486,0,2
ecodesotherspecifiedandclassifiable,float64,560486,0,2
ecodesotherspecifiednec,float64,560486,0,2
ecodespedalcyclistnotmvt,float64,560486,0,2
ecodesplaceofoccurrence,float64,560486,0,2
ecodespoisoning,float64,560486,0,2
ecodesstruckbyagainst,float64,560486,0,2
ecodessuffocation,float64,560486,0,2
ecodestransportnotmvt,float64,560486,0,2
ecodesunspecified,float64,560486,0,2
ectopicpreg,float64,560486,0,2
encephalitis,float64,560486,0,2
endometrios,float64,560486,0,2
epilepsycnv,float64,560486,0,2
esophcancer,float64,560486,0,2
esophgealdx,float64,560486,0,2
exameval,float64,560486,0,2
eyeinfectn,float64,560486,0,2
fatigue,float64,560486,0,2
femgenitca,float64,560486,0,2
feminfertil,float64,560486,0,2
fetaldistrs,float64,560486,0,2
fluidelcdx,float64,560486,0,2
fuo,float64,560486,0,2
fxarm,float64,560486,0,2
fxhip,float64,560486,0,2
fxleg,float64,560486,0,2
fxskullfac,float64,560486,0,2
gangrene,float64,560486,0,2
gasduoulcer,float64,560486,0,2
gastritis,float64,560486,0,2
gastroent,float64,560486,0,2
giconganom,float64,560486,0,2
gihemorrhag,float64,560486,0,2
giperitcan,float64,560486,0,2
glaucoma,float64,560486,0,2
goutotcrys,float64,560486,0,2
guconganom,float64,560486,0,2
hdnckcancr,float64,560486,0,2
headachemig,float64,560486,0,2
hemmorhoids,float64,560486,0,2
hemorrpreg,float64,560486,0,2
hepatitis,float64,560486,0,2
hivinfectn,float64,560486,0,2
hodgkinsds,float64,560486,0,2
hrtvalvedx,float64,560486,0,2
htn,float64,560486,0,2
htncomplicn,float64,560486,0,2
htninpreg,float64,560486,0,2
hyperlipidem,float64,560486,0,2
immunitydx,float64,560486,0,2
immunizscrn,float64,560486,0,2
impulsecontroldisordersnec,float64,560486,0,2
inducabortn,float64,560486,0,2
infectarth,float64,560486,0,2
influenza,float64,560486,0,2
infmalegen,float64,560486,0,2
intestinfct,float64,560486,0,2
intobstruct,float64,560486,0,2
intracrninj,float64,560486,0,2
jointinjury,float64,560486,0,2
kidnyrnlca,float64,560486,0,2
lateeffcvd,float64,560486,0,2
leukemias,float64,560486,0,2
liveborn,float64,560486,0,2
liveribdca,float64,560486,0,2
longpregncy,float64,560486,0,2
lowbirthwt,float64,560486,0,2
lungexternl,float64,560486,0,2
lymphenlarg,float64,560486,0,2
maintchemr,float64,560486,0,2
malgenitca,float64,560486,0,2
maligneopls,float64,560486,0,2
malposition,float64,560486,0,2
meningitis,float64,560486,0,2
menopausldx,float64,560486,0,2
menstrualdx,float64,560486,0,2
miscellaneousmentalhealthdisorders,float64,560486,0,2
mooddisorders,float64,560486,0,2
mouthdx,float64,560486,0,2
ms,float64,560486,0,2
multmyeloma,float64,560486,0,2
mycoses,float64,560486,0,2
nauseavomit,float64,560486,0,2
neoplsmunsp,float64,560486,0,2
nephritis,float64,560486,0,2
nervcongan,float64,560486,0,2
nonepithca,float64,560486,0,2
nonhodglym,float64,560486,0,2
nutritdefic,float64,560486,0,2
obrelatedperintrauma,float64,560486,0,2
opnwndextr,float64,560486,0,2
opnwndhead,float64,560486,0,2
osteoarthros,float64,560486,0,2
osteoporosis,float64,560486,0,2
otacqdefor,float64,560486,0,2
otaftercare,float64,560486,0,2
otbnignneo,float64,560486,0,2
otbonedx,float64,560486,0,2
otcirculdx,float64,560486,0,2
otcomplbir,float64,560486,0,2
otconganom,float64,560486,0,2
otconntiss,float64,560486,0,2
otdxbladdr,float64,560486,0,2
otdxkidney,float64,560486,0,2
otdxstomch,float64,560486,0,2
otendodsor,float64,560486,0,2
otfemalgen,float64,560486,0,2
othbactinf,float64,560486,0,2
othcnsinfx,float64,560486,0,2
othematldx,float64,560486,0,2
othercvd,float64,560486,0,2
othereardx,float64,560486,0,2
otheredcns,float64,560486,0,2
othereyedx,float64,560486,0,2
othergidx,float64,560486,0,2
othergudx,float64,560486,0,2
otherinjury,float64,560486,0,2
otherpregnancyanddeliveryincludingnormal,float64,560486,0,2
otherscreen,float64,560486,0,2
othfracture,float64,560486,0,2
othheartdx,float64,560486,0,2
othinfectns,float64,560486,0,2
othliverdx,float64,560486,0,2
othlowresp,float64,560486,0,2
othmalegen,float64,560486,0,2
othnervdx,float64,560486,0,2
othskindx,float64,560486,0,2
othveindx,float64,560486,0,2
otinflskin,float64,560486,0,2
otitismedia,float64,560486,0,2
otjointdx,float64,560486,0,2
otnutritdx,float64,560486,0,2
otperintdx,float64,560486,0,2
otpregcomp,float64,560486,0,2
otprimryca,float64,560486,0,2
otrespirca,float64,560486,0,2
otupprresp,float64,560486,0,2
otuprspin,float64,560486,0,2
ovariancyst,float64,560486,0,2
ovarycancer,float64,560486,0,2
pancreascan,float64,560486,0,2
pancreasdx,float64,560486,0,2
paralysis,float64,560486,0,2
parkinsons,float64,560486,0,2
pathologfx,float64,560486,0,2
pelvicobstr,float64,560486,0,2
perintjaund,float64,560486,0,2
peripathero,float64,560486,0,2
peritonitis,float64,560486,0,2
personalitydisorders,float64,560486,0,2
phlebitis,float64,560486,0,2
pid,float64,560486,0,2
pleurisy,float64,560486,0,2
pneumonia,float64,560486,0,2
poisnnonmed,float64,560486,0,2
poisnotmed,float64,560486,0,2
poisonpsych,float64,560486,0,2
precereoccl,float64,560486,0,2
prevcsectn,float64,560486,0,2
prolapse,float64,560486,0,2
prostatecan,float64,560486,0,2
pulmhartdx,float64,560486,0,2
rctmanusca,float64,560486,0,2
rehab,float64,560486,0,2
respdistres,float64,560486,0,2
retinaldx,float64,560486,0,2
rheumarth,float64,560486,0,2
schizophreniaandotherpsychoticdisorde,float64,560486,0,2
screeningandhistoryofmentalhealthan,float64,560486,0,2
septicemia,float64,560486,0,2
septicemiaexceptinlabor,float64,560486,0,2
sexualinfxs,float64,560486,0,2
shock,float64,560486,0,2
sicklecell,float64,560486,0,2
skininfectn,float64,560486,0,2
skinmelanom,float64,560486,0,2
sle,float64,560486,0,2
socialadmin,float64,560486,0,2
spincorinj,float64,560486,0,2
spontabortn,float64,560486,0,2
sprain,float64,560486,0,2
stomchcancr,float64,560486,0,2
substancerelateddisorders,float64,560486,0,2
suicideandintentionalselfinflictedin,float64,560486,0,2
superficinj,float64,560486,0,2
syncope,float64,560486,0,2
teethdx,float64,560486,0,2
testiscancr,float64,560486,0,2
thyroidcncr,float64,560486,0,2
thyroiddsor,float64,560486,0,2
tia,float64,560486,0,2
tonsillitis,float64,560486,0,2
tuberculosis,float64,560486,0,2
ulceratcol,float64,560486,0,2
ulcerskin,float64,560486,0,2
umbilcord,float64,560486,0,2
unclassified,float64,560486,0,2
urinstone,float64,560486,0,2
urinyorgca,float64,560486,0,2
uteruscancr,float64,560486,0,2
uti,float64,560486,0,2
varicosevn,float64,560486,0,2
viralinfect,float64,560486,0,2
whtblooddx,float64,560486,0,2
n_edvisits,int32,560486,0,373
n_admissions,int32,560486,0,51
absolutelymphocytecount_last,float64,217926,342560,271
acetonebld_last,float64,396,560090,75
alanineaminotransferase(alt)_last,float64,125654,434832,594
albumin_last,float64,111534,448952,56
alkphos_last,float64,126731,433755,751
anc(absneutrophilcount)_last,float64,220208,340278,457
aniongap_last,float64,211501,348985,60
aspartateaminotransferase(ast)_last,float64,122959,437527,648
"b-typenatriureticpeptide,pro(probnp)_last",float64,10909,549577,3923
baseexcess(poc)_last,float64,41149,519337,61
"baseexcess,venous(poc)_last",float64,15734,544752,61
basos_last,float64,220222,340264,53
basosabs_last,float64,46571,513915,128
"benzodiazepinesscreen,urine,noconf._last",float64,1,560485,1
bilirubindirect_last,float64,55293,505193,588
bilirubintotal_last,float64,125839,434647,1055
bun_last,float64,212872,347614,189
bun/creatratio_last,float64,166601,393885,685
calcium_last,float64,214199,346287,123
calculatedco2(poc)_last,float64,45393,515093,47
calculatedhco3(poc)i_last,float64,38994,521492,509
calculatedo2saturation(poc)_last,float64,41098,519388,95
chloride_last,float64,212951,347535,80
cktotal_last,float64,12292,548194,975
co2_last,float64,212821,347665,399
"co2calculated,venous(poc)_last",float64,15702,544784,47
"co2,poc_last",float64,51251,509235,47
creatinine_last,float64,212891,347595,1078
d-dimer_last,float64,9588,550898,935
egfr_last,float64,8514,551972,96
egfr(nonafricanamerican)_last,float64,39725,520761,143
egfr(aframer)_last,float64,27765,532721,166
eos_last,float64,220226,340260,240
eosinoabs_last,float64,45320,515166,41
epithelialcells_last,float64,8,560478,4
globulin_last,float64,109925,450561,89
glucose_last,float64,212715,347771,828
"glucose,meter_last",float64,41633,518853,581
"hco3calculated,venous(poc)_last",float64,15743,544743,444
hematocrit_last,float64,222892,337594,523
hemoglobin_last,float64,222815,337671,191
immaturegrans(abs)_last,float64,43235,517251,30
immaturegranulocytes_last,float64,43248,517238,114
inr_last,float64,78428,482058,781
"lactate,poc_last",float64,56936,503550,177
lipase_last,float64,65880,494606,719
lymphs_last,float64,220406,340080,687
magnesium_last,float64,50007,510479,50
mch_last,float64,224038,336448,341
mchc_last,float64,224039,336447,157
mcv_last,float64,224132,336354,639
monocytes_last,float64,221486,339000,301
monosabs_last,float64,44485,516001,562
mpv_last,float64,223473,337013,148
neutrophils_last,float64,221657,338829,771
nrbc_last,float64,46661,513825,151
nrbcabsolute_last,float64,45492,514994,37
"o2satcalculated,venous(poc)_last",float64,15709,544777,95
pco2(poc)_last,float64,41157,519329,121
"pco2,venous(poc)_last",float64,15743,544743,111
"ph,venous(poc)_last",float64,15745,544741,94
"phencyclidine(pcp)screen,urine,noconf._last",float64,0,560486,0
phosphorus_last,float64,39837,520649,137
platelets_last,float64,224023,336463,915
po2(poc)_last,float64,41120,519366,204
"po2,venous(poc)_last",float64,15728,544758,152
pocbun_last,float64,57275,503211,139
poccreatinine_last,float64,57329,503157,190
pocglucose_last,float64,83417,477069,726
pochematocrit_last,float64,57414,503072,67
pocionizedcalcium_last,float64,57391,503095,66
pocph_last,float64,44743,515743,119
pocpotassium_last,float64,57286,503200,72
pocsodium_last,float64,57435,503051,71
poctroponini._last,float64,925,559561,41
potassium_last,float64,208985,351501,82
proteintotal_last,float64,108952,451534,102
prothrombintime_last,float64,78354,482132,802
ptt_last,float64,49761,510725,635
rbc_last,float64,224088,336398,322
rbc/hpf_last,float64,45029,515457,911
rdw_last,float64,224117,336369,235
sodium_last,float64,212945,347541,74
troponini(poc)_last,float64,66596,493890,383
troponint_last,float64,13545,546941,170
tsh_last,float64,17647,542839,1795
wbc_last,float64,224157,336329,614
wbc/hpf_last,float64,45976,514510,908
absolutelymphocytecount_min,float64,246280,314206,215
acetonebld_min,float64,2282,558204,77
alanineaminotransferase(alt)_min,float64,185674,374812,510
albumin_min,float64,174330,386156,55
alkphos_min,float64,186701,373785,608
anc(absneutrophilcount)_min,float64,247591,312895,371
aniongap_min,float64,243463,317023,56
aspartateaminotransferase(ast)_min,float64,183791,376695,568
"b-typenatriureticpeptide,pro(probnp)_min",float64,27185,533301,3255
baseexcess(poc)_min,float64,90941,469545,61
"baseexcess,venous(poc)_min",float64,25033,535453,60
basos_min,float64,247509,312977,38
basosabs_min,float64,51566,508920,122
"benzodiazepinesscreen,urine,noconf._min",float64,14,560472,3
bilirubindirect_min,float64,118265,442221,482
bilirubintotal_min,float64,185812,374674,765
bun_min,float64,244337,316149,172
bun/creatratio_min,float64,210877,349609,606
calcium_min,float64,244969,315517,116
calculatedco2(poc)_min,float64,100313,460173,47
calculatedhco3(poc)i_min,float64,84570,475916,470
calculatedo2saturation(poc)_min,float64,90867,469619,95
chloride_min,float64,244399,316087,75
cktotal_min,float64,40342,520144,941
co2_min,float64,244346,316140,355
"co2calculated,venous(poc)_min",float64,25012,535474,47
"co2,poc_min",float64,105392,455094,47
creatinine_min,float64,244344,316142,742
d-dimer_min,float64,26537,533949,1017
egfr_min,float64,17743,542743,95
egfr(nonafricanamerican)_min,float64,58275,502211,142
egfr(aframer)_min,float64,41405,519081,165
eos_min,float64,247510,312976,189
eosinoabs_min,float64,49923,510563,36
epithelialcells_min,float64,31,560455,6
globulin_min,float64,172922,387564,82
glucose_min,float64,244254,316232,724
"glucose,meter_min",float64,79668,480818,557
"hco3calculated,venous(poc)_min",float64,25038,535448,401
hematocrit_min,float64,248974,311512,510
hemoglobin_min,float64,248930,311556,188
immaturegrans(abs)_min,float64,48605,511881,26
immaturegranulocytes_min,float64,48619,511867,98
inr_min,float64,137737,422749,599
"lactate,poc_min",float64,107161,453325,172
lipase_min,float64,121742,438744,564
lymphs_min,float64,247613,312873,640
magnesium_min,float64,109485,451001,49
mch_min,float64,249783,310703,310
mchc_min,float64,249784,310702,148
mcv_min,float64,249836,310650,579
monocytes_min,float64,248369,312117,254
monosabs_min,float64,50245,510241,538
mpv_min,float64,249617,310869,141
neutrophils_min,float64,248467,312019,748
nrbc_min,float64,53206,507280,92
nrbcabsolute_min,float64,50038,510448,23
"o2satcalculated,venous(poc)_min",float64,25017,535469,95
pco2(poc)_min,float64,90948,469538,117
"pco2,venous(poc)_min",float64,25038,535448,103
"ph,venous(poc)_min",float64,25039,535447,85
"phencyclidine(pcp)screen,urine,noconf._min",float64,0,560486,0
phosphorus_min,float64,95010,465476,131
platelets_min,float64,249797,310689,796
po2(poc)_min,float64,90901,469585,183
"po2,venous(poc)_min",float64,25035,535451,134
pocbun_min,float64,118861,441625,139
poccreatinine_min,float64,118946,441540,175
pocglucose_min,float64,143160,417326,670
pochematocrit_min,float64,119059,441427,67
pocionizedcalcium_min,float64,119024,441462,64
pocph_min,float64,99699,460787,120
pocpotassium_min,float64,118943,441543,72
pocsodium_min,float64,119084,441402,70
poctroponini._min,float64,4425,556061,46
potassium_min,float64,242467,318019,78
proteintotal_min,float64,171933,388553,99
prothrombintime_min,float64,137674,422812,613
ptt_min,float64,106145,454341,563
rbc_min,float64,249809,310677,302
rbc/hpf_min,float64,89371,471115,754
rdw_min,float64,249834,310652,206
sodium_min,float64,244395,316091,70
troponini(poc)_min,float64,116380,444106,330
troponint_min,float64,42261,518225,164
tsh_min,float64,46018,514468,1712
wbc_min,float64,249845,310641,500
wbc/hpf_min,float64,90471,470015,746
absolutelymphocytecount_max,float64,246280,314206,240
acetonebld_max,float64,2282,558204,79
alanineaminotransferase(alt)_max,float64,185674,374812,605
albumin_max,float64,174330,386156,55
alkphos_max,float64,186701,373785,726
anc(absneutrophilcount)_max,float64,247591,312895,456
aniongap_max,float64,243463,317023,56
aspartateaminotransferase(ast)_max,float64,183791,376695,653
"b-typenatriureticpeptide,pro(probnp)_max",float64,27185,533301,3409
baseexcess(poc)_max,float64,90941,469545,61
"baseexcess,venous(poc)_max",float64,25033,535453,59
basos_max,float64,247509,312977,50
basosabs_max,float64,51566,508920,126
"benzodiazepinesscreen,urine,noconf._max",float64,14,560472,3
bilirubindirect_max,float64,118265,442221,563
bilirubintotal_max,float64,185812,374674,969
bun_max,float64,244337,316149,188
bun/creatratio_max,float64,210877,349609,680
calcium_max,float64,244969,315517,119
calculatedco2(poc)_max,float64,100313,460173,47
calculatedhco3(poc)i_max,float64,84570,475916,488
calculatedo2saturation(poc)_max,float64,90867,469619,95
chloride_max,float64,244399,316087,76
cktotal_max,float64,40342,520144,986
co2_max,float64,244346,316140,385
"co2calculated,venous(poc)_max",float64,25012,535474,47
"co2,poc_max",float64,105392,455094,47
creatinine_max,float64,244344,316142,850
d-dimer_max,float64,26537,533949,1040
egfr_max,float64,17743,542743,97
egfr(nonafricanamerican)_max,float64,58275,502211,143
egfr(aframer)_max,float64,41405,519081,164
eos_max,float64,247510,312976,228
eosinoabs_max,float64,49923,510563,40
epithelialcells_max,float64,31,560455,6
globulin_max,float64,172922,387564,87
glucose_max,float64,244254,316232,820
"glucose,meter_max",float64,79668,480818,575
"hco3calculated,venous(poc)_max",float64,25038,535448,411
hematocrit_max,float64,248974,311512,507
hemoglobin_max,float64,248930,311556,186
immaturegrans(abs)_max,float64,48605,511881,30
immaturegranulocytes_max,float64,48619,511867,112
inr_max,float64,137737,422749,795
"lactate,poc_max",float64,107161,453325,178
lipase_max,float64,121742,438744,713
lymphs_max,float64,247613,312873,671
magnesium_max,float64,109485,451001,51
mch_max,float64,249783,310703,328
mchc_max,float64,249784,310702,156
mcv_max,float64,249836,310650,598
monocytes_max,float64,248369,312117,297
monosabs_max,float64,50245,510241,550
mpv_max,float64,249617,310869,148
neutrophils_max,float64,248467,312019,724
nrbc_max,float64,53206,507280,127
nrbcabsolute_max,float64,50038,510448,34
"o2satcalculated,venous(poc)_max",float64,25017,535469,95
pco2(poc)_max,float64,90948,469538,121
"pco2,venous(poc)_max",float64,25038,535448,109
"ph,venous(poc)_max",float64,25039,535447,86
"phencyclidine(pcp)screen,urine,noconf._max",float64,0,560486,0
phosphorus_max,float64,95010,465476,138
platelets_max,float64,249797,310689,911
po2(poc)_max,float64,90901,469585,207
"po2,venous(poc)_max",float64,25035,535451,153
pocbun_max,float64,118861,441625,139
poccreatinine_max,float64,118946,441540,191
pocglucose_max,float64,143160,417326,685
pochematocrit_max,float64,119059,441427,67
pocionizedcalcium_max,float64,119024,441462,64
pocph_max,float64,99699,460787,117
pocpotassium_max,float64,118943,441543,72
pocsodium_max,float64,119084,441402,71
poctroponini._max,float64,4425,556061,46
potassium_max,float64,242467,318019,83
proteintotal_max,float64,171933,388553,99
prothrombintime_max,float64,137674,422812,809
ptt_max,float64,106145,454341,646
rbc_max,float64,249809,310677,276
rbc/hpf_max,float64,89371,471115,894
rdw_max,float64,249834,310652,231
sodium_max,float64,244395,316091,73
troponini(poc)_max,float64,116380,444106,403
troponint_max,float64,42261,518225,175
tsh_max,float64,46018,514468,1757
wbc_max,float64,249845,310641,592
wbc/hpf_max,float64,90471,470015,895
absolutelymphocytecount_median,float64,246280,314206,454
acetonebld_median,float64,2282,558204,92
alanineaminotransferase(alt)_median,float64,185674,374812,801
albumin_median,float64,174330,386156,137
alkphos_median,float64,186701,373785,1105
anc(absneutrophilcount)_median,float64,247591,312895,947
aniongap_median,float64,243463,317023,90
aspartateaminotransferase(ast)_median,float64,183791,376695,907
"b-typenatriureticpeptide,pro(probnp)_median",float64,27185,533301,4296
baseexcess(poc)_median,float64,90941,469545,110
"baseexcess,venous(poc)_median",float64,25033,535453,99
basos_median,float64,247509,312977,96
basosabs_median,float64,51566,508920,187
"benzodiazepinesscreen,urine,noconf._median",float64,14,560472,3
bilirubindirect_median,float64,118265,442221,931
bilirubintotal_median,float64,185812,374674,1741
bun_median,float64,244337,316149,294
bun/creatratio_median,float64,210877,349609,1557
calcium_median,float64,244969,315517,224
calculatedco2(poc)_median,float64,100313,460173,91
calculatedhco3(poc)i_median,float64,84570,475916,1012
calculatedo2saturation(poc)_median,float64,90867,469619,180
chloride_median,float64,244399,316087,123
cktotal_median,float64,40342,520144,1327
co2_median,float64,244346,316140,835
"co2calculated,venous(poc)_median",float64,25012,535474,88
"co2,poc_median",float64,105392,455094,90
creatinine_median,float64,244344,316142,1745
d-dimer_median,float64,26537,533949,1306
egfr_median,float64,17743,542743,152
egfr(nonafricanamerican)_median,float64,58275,502211,235
egfr(aframer)_median,float64,41405,519081,254
eos_median,float64,247510,312976,424
eosinoabs_median,float64,49923,510563,71
epithelialcells_median,float64,31,560455,6
globulin_median,float64,172922,387564,195
glucose_median,float64,244254,316232,1229
"glucose,meter_median",float64,79668,480818,939
"hco3calculated,venous(poc)_median",float64,25038,535448,801
hematocrit_median,float64,248974,311512,1201
hemoglobin_median,float64,248930,311556,464
immaturegrans(abs)_median,float64,48605,511881,42
immaturegranulocytes_median,float64,48619,511867,192
inr_median,float64,137737,422749,1402
"lactate,poc_median",float64,107161,453325,366
lipase_median,float64,121742,438744,965
lymphs_median,float64,247613,312873,1570
magnesium_median,float64,109485,451001,103
mch_median,float64,249783,310703,780
mchc_median,float64,249784,310702,352
mcv_median,float64,249836,310650,1333
monocytes_median,float64,248369,312117,584
monosabs_median,float64,50245,510241,709
mpv_median,float64,249617,310869,349
neutrophils_median,float64,248467,312019,1686
nrbc_median,float64,53206,507280,194
nrbcabsolute_median,float64,50038,510448,47
"o2satcalculated,venous(poc)_median",float64,25017,535469,182
pco2(poc)_median,float64,90948,469538,207
"pco2,venous(poc)_median",float64,25038,535448,173
"ph,venous(poc)_median",float64,25039,535447,170
"phencyclidine(pcp)screen,urine,noconf._median",float64,0,560486,0
phosphorus_median,float64,95010,465476,292
platelets_median,float64,249797,310689,1478
po2(poc)_median,float64,90901,469585,288
"po2,venous(poc)_median",float64,25035,535451,213
pocbun_median,float64,118861,441625,253
poccreatinine_median,float64,118946,441540,453
pocglucose_median,float64,143160,417326,1070
pochematocrit_median,float64,119059,441427,116
pocionizedcalcium_median,float64,119024,441462,127
pocph_median,float64,99699,460787,323
pocpotassium_median,float64,118943,441543,183
pocsodium_median,float64,119084,441402,110
poctroponini._median,float64,4425,556061,53
potassium_median,float64,242467,318019,175
proteintotal_median,float64,171933,388553,223
prothrombintime_median,float64,137674,422812,1369
ptt_median,float64,106145,454341,1148
rbc_median,float64,249809,310677,564
rbc/hpf_median,float64,89371,471115,1097
rdw_median,float64,249834,310652,525
sodium_median,float64,244395,316091,115
troponini(poc)_median,float64,116380,444106,560
troponint_median,float64,42261,518225,270
tsh_median,float64,46018,514468,2733
wbc_median,float64,249845,310641,1173
wbc/hpf_median,float64,90471,470015,1162
bloodua_last,float64,560486,0,2
glucoseua_last,float64,560486,0,2
ketonesua_last,float64,560486,0,2
leukocytesua_last,float64,560486,0,2
nitriteua_last,float64,560486,0,2
pregtestur_last,float64,560486,0,2
proteinua_last,float64,560486,0,2
"bloodculture,routine_last",float64,560486,0,2
"urineculture,routine_last",float64,560486,0,2
bloodua_npos,float64,560486,0,21
glucoseua_npos,float64,560486,0,35
ketonesua_npos,float64,560486,0,20
leukocytesua_npos,float64,560486,0,32
nitriteua_npos,float64,560486,0,12
pregtestur_npos,float64,560486,0,4
proteinua_npos,float64,560486,0,18
"bloodculture,routine_npos",float64,560486,0,2
"urineculture,routine_npos",float64,560486,0,8
bloodua_count,float64,560486,0,46
glucoseua_count,float64,560486,0,46
ketonesua_count,float64,560486,0,46
leukocytesua_count,float64,560486,0,46
nitriteua_count,float64,560486,0,46
pregtestur_count,float64,560486,0,40
proteinua_count,float64,560486,0,46
"bloodculture,routine_count",float64,560486,0,15
"urineculture,routine_count",float64,560486,0,25
triage_vital_hr,float64,394434,166052,421
triage_vital_sbp,float64,392582,167904,527
triage_vital_dbp,float64,392423,168063,382
triage_vital_rr,float64,389999,170487,104
triage_vital_o2,float64,289169,271317,81
triage_vital_o2_device,float64,333631,226855,2
triage_vital_temp,float64,377501,182985,311
pulse_last,float64,335365,225121,147
resp_last,float64,320472,240014,55
spo2_last,float64,244276,316210,40
temp_last,float64,254086,306400,140
sbp_last,float64,336214,224272,193
dbp_last,float64,336092,224394,133
o2_device_last,float64,298058,262428,2
pulse_min,float64,348057,212429,132
resp_min,float64,347215,213271,37
spo2_min,float64,327587,232899,40
temp_min,float64,346226,214260,141
sbp_min,float64,347875,212611,191
dbp_min,float64,347855,212631,115
o2_device_min,float64,342042,218444,2
pulse_max,float64,348057,212429,201
resp_max,float64,347215,213271,62
spo2_max,float64,327587,232899,34
temp_max,float64,346226,214260,131
sbp_max,float64,347875,212611,204
dbp_max,float64,347855,212631,179
o2_device_max,float64,342042,218444,2
pulse_median,float64,348057,212429,261
resp_median,float64,347215,213271,72
spo2_median,float64,327587,232899,57
temp_median,float64,346226,214260,312
sbp_median,float64,347875,212611,330
dbp_median,float64,347855,212631,219
o2_device_median,float64,342042,218444,3
cxr_count,float64,560486,0,42
echo_count,float64,560486,0,10
ekg_count,float64,560486,0,82
headct_count,float64,560486,0,34
mri_count,float64,560486,0,9
otherct_count,float64,560486,0,21
otherimg_count,float64,560486,0,14
otherus_count,float64,560486,0,29
otherxr_count,float64,560486,0,48
meds_analgesicandantihistaminecombination,float64,560486,0,3
meds_analgesics,float64,560486,0,9
meds_anesthetics,float64,560486,0,4
meds_anti-obesitydrugs,float64,560486,0,3
meds_antiallergy,float64,560486,0,2
meds_antiarthritics,float64,560486,0,6
meds_antiasthmatics,float64,560486,0,10
meds_antibiotics,float64,560486,0,7
meds_anticoagulants,float64,560486,0,6
meds_antidotes,float64,560486,0,3
meds_antifungals,float64,560486,0,5
meds_antihistamineanddecongestantcombination,float64,560486,0,3
meds_antihistamines,float64,560486,0,6
meds_antihyperglycemics,float64,560486,0,9
meds_antiinfectives,float64,560486,0,4
meds_antiinfectives/miscellaneous,float64,560486,0,4
meds_antineoplastics,float64,560486,0,5
meds_antiparkinsondrugs,float64,560486,0,8
meds_antiplateletdrugs,float64,560486,0,5
meds_antivirals,float64,560486,0,8
meds_autonomicdrugs,float64,560486,0,5
meds_biologicals,float64,560486,0,3
meds_blood,float64,560486,0,3
meds_cardiacdrugs,float64,560486,0,7
meds_cardiovascular,float64,560486,0,10
meds_cnsdrugs,float64,560486,0,9
meds_colonystimulatingfactors,float64,560486,0,4
meds_contraceptives,float64,560486,0,3
meds_cough/coldpreparations,float64,560486,0,5
meds_diagnostic,float64,560486,0,4
meds_diuretics,float64,560486,0,6
meds_eentpreps,float64,560486,0,11
meds_elect/caloric/h2o,float64,560486,0,7
meds_gastrointestinal,float64,560486,0,15
meds_herbals,float64,560486,0,7
meds_hormones,float64,560486,0,6
meds_immunosuppressants,float64,560486,0,6
meds_investigational,float64,560486,0,2
"meds_miscellaneousmedicalsupplies,devices,non-drug",float64,560486,0,10
meds_musclerelaxants,float64,560486,0,6
meds_pre-natalvitamins,float64,560486,0,4
meds_psychotherapeuticdrugs,float64,560486,0,11
meds_sedative/hypnotics,float64,560486,0,5
meds_skinpreps,float64,560486,0,11
meds_smokingdeterrents,float64,560486,0,4
meds_thyroidpreps,float64,560486,0,5
meds_unclassifieddrugproducts,float64,560486,0,9
meds_vitamins,float64,560486,0,11
n_surgeries,float64,560486,0,37
cc_abdominalcramping,object,557901,2585,2
cc_abdominaldistention,object,557901,2585,3
cc_abdominalpain,object,557901,2585,3
cc_abdominalpainpregnant,object,557901,2585,3
cc_abnormallab,object,557901,2585,3
cc_abscess,object,557901,2585,2
cc_addictionproblem,object,557901,2585,2
cc_agitation,object,557901,2585,2
cc_alcoholintoxication,object,557901,2585,3
cc_alcoholproblem,object,557901,2585,3
cc_allergicreaction,object,557901,2585,3
cc_alteredmentalstatus,object,557901,2585,3
cc_animalbite,object,557901,2585,2
cc_ankleinjury,object,557901,2585,3
cc_anklepain,object,557901,2585,2
cc_anxiety,object,557901,2585,3
cc_arminjury,object,557901,2585,2
cc_armpain,object,557901,2585,3
cc_armswelling,object,557901,2585,2
cc_assaultvictim,object,557901,2585,3
cc_asthma,object,557901,2585,3
cc_backpain,object,557901,2585,3
cc_bleeding/bruising,object,557901,2585,3
cc_blurredvision,object,557901,2585,2
cc_bodyfluidexposure,object,557901,2585,3
cc_breastpain,object,557901,2585,2
cc_breathingdifficulty,object,557901,2585,2
cc_breathingproblem,object,557901,2585,2
cc_burn,object,557901,2585,2
cc_cardiacarrest,object,557901,2585,2
cc_cellulitis,object,557901,2585,2
cc_chestpain,object,557901,2585,3
cc_chesttightness,object,557901,2585,3
cc_chills,object,557901,2585,2
cc_coldlikesymptoms,object,557901,2585,3
cc_confusion,object,557901,2585,2
cc_conjunctivitis,object,557901,2585,3
cc_constipation,object,557901,2585,2
cc_cough,object,557901,2585,3
cc_cyst,object,557901,2585,3
cc_decreasedbloodsugar-symptomatic,object,557901,2585,2
cc_dehydration,object,557901,2585,3
cc_dentalpain,object,557901,2585,2
cc_depression,object,557901,2585,3
cc_detoxevaluation,object,557901,2585,3
cc_diarrhea,object,557901,2585,3
cc_dizziness,object,557901,2585,3
cc_drug/alcoholassessment,object,557901,2585,2
cc_drugproblem,object,557901,2585,2
cc_dyspnea,object,557901,2585,2
cc_dysuria,object,557901,2585,2
cc_earpain,object,557901,2585,2
cc_earproblem,object,557901,2585,2
cc_edema,object,557901,2585,2
cc_elbowpain,object,557901,2585,2
cc_elevatedbloodsugar-nosymptoms,object,557901,2585,3
cc_elevatedbloodsugar-symptomatic,object,557901,2585,2
cc_emesis,object,557901,2585,3
cc_epigastricpain,object,557901,2585,2
cc_epistaxis,object,557901,2585,3
cc_exposuretostd,object,557901,2585,2
cc_extremitylaceration,object,557901,2585,3
cc_extremityweakness,object,557901,2585,2
cc_eyeinjury,object,557901,2585,2
cc_eyepain,object,557901,2585,3
cc_eyeproblem,object,557901,2585,3
cc_eyeredness,object,557901,2585,2
cc_facialinjury,object,557901,2585,2
cc_faciallaceration,object,557901,2585,2
cc_facialpain,object,557901,2585,2
cc_facialswelling,object,557901,2585,3
cc_fall,object,557901,2585,3
cc_fall>65,object,557901,2585,3
cc_fatigue,object,557901,2585,3
cc_femaleguproblem,object,557901,2585,3
cc_fever,object,557901,2585,2
cc_fever-75yearsorolder,object,557901,2585,2
cc_fever-9weeksto74years,object,557901,2585,2
cc_feverimmunocompromised,object,557901,2585,2
cc_fingerinjury,object,557901,2585,3
cc_fingerpain,object,557901,2585,2
cc_fingerswelling,object,557901,2585,2
cc_flankpain,object,557901,2585,2
cc_follow-upcellulitis,object,557901,2585,2
cc_footinjury,object,557901,2585,2
cc_footpain,object,557901,2585,2
cc_footswelling,object,557901,2585,3
cc_foreignbodyineye,object,557901,2585,2
cc_fulltrauma,object,557901,2585,2
cc_generalizedbodyaches,object,557901,2585,2
cc_gibleeding,object,557901,2585,2
cc_giproblem,object,557901,2585,2
cc_groinpain,object,557901,2585,2
cc_hallucinations,object,557901,2585,2
cc_handinjury,object,557901,2585,3
cc_handpain,object,557901,2585,2
cc_headache,object,557901,2585,2
cc_headache-newonsetornewsymptoms,object,557901,2585,3
cc_headache-recurrentorknowndxmigraines,object,557901,2585,3
cc_headachere-evaluation,object,557901,2585,2
cc_headinjury,object,557901,2585,3
cc_headlaceration,object,557901,2585,2
cc_hematuria,object,557901,2585,2
cc_hemoptysis,object,557901,2585,2
cc_hippain,object,557901,2585,3
cc_homicidal,object,557901,2585,2
cc_hyperglycemia,object,557901,2585,2
cc_hypertension,object,557901,2585,2
cc_hypotension,object,557901,2585,2
cc_influenza,object,557901,2585,2
cc_ingestion,object,557901,2585,2
cc_insectbite,object,557901,2585,2
cc_irregularheartbeat,object,557901,2585,3
cc_jawpain,object,557901,2585,2
cc_jointswelling,object,557901,2585,2
cc_kneeinjury,object,557901,2585,2
cc_kneepain,object,557901,2585,2
cc_laceration,object,557901,2585,2
cc_leginjury,object,557901,2585,2
cc_legpain,object,557901,2585,3
cc_legswelling,object,557901,2585,3
cc_lethargy,object,557901,2585,2
cc_lossofconsciousness,object,557901,2585,2
cc_maleguproblem,object,557901,2585,3
cc_mass,object,557901,2585,2
cc_medicalproblem,object,557901,2585,4
cc_medicalscreening,object,557901,2585,3
cc_medicationproblem,object,557901,2585,2
cc_medicationrefill,object,557901,2585,3
cc_migraine,object,557901,2585,2
cc_modifiedtrauma,object,557901,2585,2
cc_motorcyclecrash,object,557901,2585,2
cc_motorvehiclecrash,object,557901,2585,3
cc_multiplefalls,object,557901,2585,3
cc_nasalcongestion,object,557901,2585,2
cc_nausea,object,557901,2585,3
cc_nearsyncope,object,557901,2585,2
cc_neckpain,object,557901,2585,3
cc_neurologicproblem,object,557901,2585,3
cc_numbness,object,557901,2585,3
cc_oralswelling,object,557901,2585,2
cc_otalgia,object,557901,2585,2
cc_other,object,557901,2585,4
cc_overdose-accidental,object,557901,2585,2
cc_overdose-intentional,object,557901,2585,2
cc_pain,object,557901,2585,2
cc_palpitations,object,557901,2585,3
cc_panicattack,object,557901,2585,3
cc_pelvicpain,object,557901,2585,2
cc_poisoning,object,557901,2585,3
cc_post-opproblem,object,557901,2585,3
cc_psychiatricevaluation,object,557901,2585,3
cc_psychoticsymptoms,object,557901,2585,2
cc_rapidheartrate,object,557901,2585,2
cc_rash,object,557901,2585,2
cc_rectalbleeding,object,557901,2585,2
cc_rectalpain,object,557901,2585,2
cc_respiratorydistress,object,557901,2585,2
cc_ribinjury,object,557901,2585,2
cc_ribpain,object,557901,2585,3
cc_seizure-newonset,object,557901,2585,2
cc_seizure-priorhxof,object,557901,2585,3
cc_seizures,object,557901,2585,2
cc_shortnessofbreath,object,557901,2585,3
cc_shoulderinjury,object,557901,2585,2
cc_shoulderpain,object,557901,2585,3
cc_sicklecellpain,object,557901,2585,2
cc_sinusproblem,object,557901,2585,2
cc_skinirritation,object,557901,2585,2
cc_skinproblem,object,557901,2585,2
cc_sorethroat,object,557901,2585,3
cc_stdcheck,object,557901,2585,2
cc_strokealert,object,557901,2585,2
cc_suicidal,object,557901,2585,3
cc_suture/stapleremoval,object,557901,2585,2
cc_swallowedforeignbody,object,557901,2585,2
cc_syncope,object,557901,2585,3
cc_tachycardia,object,557901,2585,2
cc_testiclepain,object,557901,2585,2
cc_thumbinjury,object,557901,2585,2
cc_tickremoval,object,557901,2585,2
cc_toeinjury,object,557901,2585,2
cc_toepain,object,557901,2585,3
cc_trauma,object,557901,2585,2
cc_unresponsive,object,557901,2585,3
cc_uri,object,557901,2585,3
cc_urinaryfrequency,object,557901,2585,2
cc_urinaryretention,object,557901,2585,2
cc_urinarytractinfection,object,557901,2585,2
cc_vaginalbleeding,object,557901,2585,2
cc_vaginaldischarge,object,557901,2585,2
cc_vaginalpain,object,557901,2585,3
cc_weakness,object,557901,2585,2
cc_wheezing,object,557901,2585,3
cc_withdrawal-alcohol,object,557901,2585,2
cc_woundcheck,object,557901,2585,2
cc_woundinfection,object,557901,2585,2
cc_woundre-evaluation,object,557901,2585,2
cc_wristinjury,object,557901,2585,2
cc_wristpain,object,557901,2585,3
